operation	operationId	tag	security	responses	paramsFp	bodyFp	respFp
DELETE /api/demo/v1/todos/{id}	demoTodosDelete	demo	bearerAuth	200	49e910dfcd	-	2a9e0aafcc
DELETE /api/v1/admin/attachments/	batchDeleteAttachments	attachments	bearerAuth	200	-	2e1eb192cc	c54f3cb634
DELETE /api/v1/admin/attachments/folders/{id}	deleteAttachmentFolder	attachments	bearerAuth	200	9fd106b510	-	276dc484b7
DELETE /api/v1/admin/attachments/{id}	deleteAttachment	attachments	bearerAuth	200	dfcb9ab594	-	220c24c178
DELETE /api/v1/admin/departments/{id}	deleteDept	sysDepts	bearerAuth	200	147a80ae3a	-	8ffbec1233
DELETE /api/v1/admin/dicts/data/{id}	deleteDictData	sysDictData	bearerAuth	200	1c2f57859a	-	e27cddbae6
DELETE /api/v1/admin/dicts/types/{id}	deleteDictType	sysDictTypes	bearerAuth	200	1c2f57859a	-	758604d013
DELETE /api/v1/admin/menus/{id}	deleteMenu	sysMenus	bearerAuth	200	6b629aef85	-	d93f948241
DELETE /api/v1/admin/positions/{id}	deletePosition	sysPositions	bearerAuth	200	84126b37c4	-	5aba73c10d
DELETE /api/v1/admin/roles/{id}	deleteRole	sysRoles	bearerAuth	200	ee5692137e	-	68619199f7
DELETE /api/v1/admin/users/{id}	deleteUser	sysUsers	bearerAuth	200	ccad96ccbd	-	dfec7580d1
DELETE /api/v1/me/api-tokens/{id}	meRevokeApiToken	me-api-tokens	bearerAuth	200	1c2f57859a	-	67a292b133
GET /api/demo/v1/info/	demoInfo	demo	bearerAuth	200	-	-	af58f5dc46
GET /api/demo/v1/todos/	demoTodosList	demo	bearerAuth	200	-	-	dafa294be9
GET /api/demo/v1/todos/{id}	demoTodosDetail	demo	bearerAuth	200	49e910dfcd	-	2a9e0aafcc
GET /api/health	healthCheck	system	public	200	-	-	7832fb3d80
GET /api/v1/admin/attachments/	getAttachmentList	attachments	bearerAuth	200	b82ca4f739	-	fdc626b380
GET /api/v1/admin/attachments/folders	getAttachmentFolderList	attachments	bearerAuth	200	75b2bf844e	-	acdd6f42ff
GET /api/v1/admin/attachments/folders/tree	getAttachmentFolderTree	attachments	bearerAuth	200	-	-	ee1a1398d4
GET /api/v1/admin/attachments/folders/{id}	getAttachmentFolderDetail	attachments	bearerAuth	200	9fd106b510	-	824ee04563
GET /api/v1/admin/attachments/{id}	getAttachmentDetail	attachments	bearerAuth	200	dfcb9ab594	-	7a43eb6038
GET /api/v1/admin/departments/	getDeptList	sysDepts	bearerAuth	200	e2d53be96c	-	a81f703fc8
GET /api/v1/admin/departments/tree	getDeptTree	sysDepts	bearerAuth	200	-	-	577071993a
GET /api/v1/admin/departments/{id}	getDeptDetail	sysDepts	bearerAuth	200	147a80ae3a	-	dbe815b75e
GET /api/v1/admin/dicts/data	getDictDataList	sysDictData	bearerAuth	200	a7c76de459	-	e90420fc0f
GET /api/v1/admin/dicts/data/map	getDictDataMap	sysDictData	bearerAuth	200	-	-	0c274e30c0
GET /api/v1/admin/dicts/data/{id}	getDictDataDetail	sysDictData	bearerAuth	200	1c2f57859a	-	0b14a3c88f
GET /api/v1/admin/dicts/types	getDictTypeList	sysDictTypes	bearerAuth	200	665e1f6d60	-	f559a2329a
GET /api/v1/admin/dicts/types/{id}	getDictTypeDetail	sysDictTypes	bearerAuth	200	1c2f57859a	-	b823d8d081
GET /api/v1/admin/menus/	getMenuList	sysMenus	bearerAuth	200	62dc29264e	-	dc94424f40
GET /api/v1/admin/menus/paths/authorized	getAuthorizedMenuPaths	sysMenus	bearerAuth	200	-	-	c7603dfbb5
GET /api/v1/admin/menus/tree	getMenuTree	sysMenus	bearerAuth	200	-	-	978c9efe60
GET /api/v1/admin/menus/tree/authorized	getAuthorizedMenuTree	sysMenus	bearerAuth	200	-	-	978c9efe60
GET /api/v1/admin/menus/{id}	getMenuDetail	sysMenus	bearerAuth	200	6b629aef85	-	a7e853eb64
GET /api/v1/admin/permissions/catalog	getPermissionCatalog	sysPermissions	bearerAuth	200	-	-	1586613235
GET /api/v1/admin/positions/	getPositionList	sysPositions	bearerAuth	200	ecde5b7a33	-	a78154578d
GET /api/v1/admin/positions/{id}	getPositionDetail	sysPositions	bearerAuth	200	84126b37c4	-	8b6b926904
GET /api/v1/admin/roles/	getRoleList	sysRoles	bearerAuth	200	db4c6f878d	-	bb14cd33bb
GET /api/v1/admin/roles/{id}	getRoleDetail	sysRoles	bearerAuth	200	ee5692137e	-	330e7a439c
GET /api/v1/admin/system/login-logs/	getLoginLogList	sysLoginLogs	bearerAuth	200	47ab26c7d3	-	08646a6780
GET /api/v1/admin/system/login-logs/{id}	getLoginLogDetail	sysLoginLogs	bearerAuth	200	c5d2faa68a	-	10d10770eb
GET /api/v1/admin/system/module-management/list/	getModuleManagementList	moduleManagement	bearerAuth	200	-	-	4463c1ffcb
GET /api/v1/admin/system/options/query	batchGetSystemOption	system	bearerAuth	200	0aa0b16059	-	d000156f80
GET /api/v1/admin/system/options/{key}	getSystemOptionDetail	system	bearerAuth	200	feee86bcc5	-	cae792d0c1
GET /api/v1/admin/system/qiniu/token	getQiniuUploadToken	system	bearerAuth	200	51d1fd3625	-	c3d485af81
GET /api/v1/admin/system/regions/	getSystemRegionList	systemRegions	bearerAuth	200	1268e6710f	-	cd30399393
GET /api/v1/admin/system/regions/path	getSystemRegionPath	systemRegions	bearerAuth	200	25b6651b7f	-	3219a1e3c5
GET /api/v1/admin/system/regions/tree	getSystemRegionTree	systemRegions	bearerAuth	200	88fed8a873	-	3219a1e3c5
GET /api/v1/admin/system/regions/{code}	getSystemRegionDetail	systemRegions	bearerAuth	200	43cdd30d9c	-	3219a1e3c5
GET /api/v1/admin/system/storage/config	getStorageConfig	storage	bearerAuth	200	-	-	261b558308
GET /api/v1/admin/system/storage/export	exportStorageConfig	storage	bearerAuth	200	-	-	1c5b1fe899
GET /api/v1/admin/users/	getUserList	sysUsers	bearerAuth	200	0bb3b40fab	-	f348e08030
GET /api/v1/admin/users/{id}	getUserDetail	sysUsers	bearerAuth	200	ccad96ccbd	-	c6535af3b2
GET /api/v1/app/	appRoot	app	bearerAuth	200	-	-	ebc399d42c
GET /api/v1/app/auth/me	appGetCurrentUser	app-auth	bearerAuth	200	-	-	9ea3f4caf0
GET /api/v1/app/contacts/depts/tree	appGetDeptTree	app-contacts	bearerAuth	200	-	-	a7af4a0f76
GET /api/v1/app/contacts/depts/{id}/users	appGetDeptUsers	app-contacts	bearerAuth	200	1c2f57859a	-	5e5a7be107
GET /api/v1/app/dashboard/stats	appDashboardStats	app-dashboard	bearerAuth	200	-	-	c3755bdbc0
GET /api/v1/app/dicts/	appGetAllDictMap	app-dicts	bearerAuth	200	-	-	41318fa4cb
GET /api/v1/app/dicts/{type}	appGetDictByType	app-dicts	bearerAuth	200	e0048fa1cd	-	0494950533
GET /api/v1/app/menus/authorized	appGetAuthorizedMenuTree	app-menus	bearerAuth	200	-	-	978c9efe60
GET /api/v1/app/menus/flatten	appGetAuthorizedMenuFlat	app-menus	bearerAuth	200	-	-	2d0fd09ef5
GET /api/v1/app/stats	appDashboardStats	app-dashboard	bearerAuth	200	-	-	c3755bdbc0
GET /api/v1/app/users/me/login-logs	appGetMyLoginLogs	app-users	bearerAuth	200	a7460ce6b4	-	08646a6780
GET /api/v1/auth/me	authGetCurrentUser	auth	bearerAuth	200	-	-	9ea3f4caf0
GET /api/v1/me/api-tokens/	meListApiTokens	me-api-tokens	bearerAuth	200	-	-	d4c6174a93
GET /api/v1/me/api-tokens/available-scopes	meListAvailableScopes	me-api-tokens	bearerAuth	200	-	-	2b1d737e69
GET /api/v1/me/api-tokens/{id}	meGetApiToken	me-api-tokens	bearerAuth	200	1c2f57859a	-	e19c7f2e4d
GET /api/v1/system/token-stats	getTokenStats	system	bearerAuth	200	-	-	f4bdccc0d1
PATCH /api/demo/v1/todos/{id}	demoTodosUpdate	demo	bearerAuth	200	49e910dfcd	c0696b9809	2a9e0aafcc
POST /api/demo/v1/todos/	demoTodosCreate	demo	bearerAuth	200	-	07cb8f50e1	2a9e0aafcc
POST /api/v1/admin/attachments/	uploadAttachments	attachments	bearerAuth	200	88ea569f8d	-	32dbcc6ba5
POST /api/v1/admin/attachments/cloud	createCloudAttachment	attachments	bearerAuth	200	-	cee10e5861	32dbcc6ba5
POST /api/v1/admin/attachments/folders	createAttachmentFolder	attachments	bearerAuth	200	-	c8654f2fd7	824ee04563
POST /api/v1/admin/attachments/import	importRemoteImages	attachments	bearerAuth	200	-	506568353f	32dbcc6ba5
POST /api/v1/admin/departments/	createDept	sysDepts	bearerAuth	200	-	69b17a2721	dbe815b75e
POST /api/v1/admin/dicts/data	createDictData	sysDictData	bearerAuth	200	-	6bec174256	0b14a3c88f
POST /api/v1/admin/dicts/types	createDictType	sysDictTypes	bearerAuth	200	-	080e33da19	b823d8d081
POST /api/v1/admin/menus/	createMenu	sysMenus	bearerAuth	200	-	9fd2b2cd3b	a7e853eb64
POST /api/v1/admin/positions/	createPosition	sysPositions	bearerAuth	200	-	10408044cc	8b6b926904
POST /api/v1/admin/roles/	createRole	sysRoles	bearerAuth	200	-	166df3eb6c	330e7a439c
POST /api/v1/admin/system/module-management/toggle/{id}/toggle	toggleModuleManagement	moduleManagement	bearerAuth	200	49e910dfcd	e0d88ae422	780c86c715
POST /api/v1/admin/system/options/batch	batchSetSystemOption	system	bearerAuth	200	-	dce7f21ff0	a852c666cd
POST /api/v1/admin/system/storage/import	importStorageConfig	storage	bearerAuth	200	-	6cbaebc24d	8d70a64227
POST /api/v1/admin/users/	createUser	sysUsers	bearerAuth	200	-	777f9adab8	c6535af3b2
POST /api/v1/app/auth/login	appLogin	app-auth	inherit	200	-	8247f8a47e	457231e1ca
POST /api/v1/app/auth/logout	appLogout	app-auth	bearerAuth	200	-	-	e277da587f
POST /api/v1/app/auth/refresh	appRefreshToken	app-auth	inherit	200	-	020bd3b230	32b781d7be
POST /api/v1/auth/login	authLogin	auth	public	200	-	8247f8a47e	457231e1ca
POST /api/v1/auth/logout	authLogout	auth	bearerAuth	200	-	-	e277da587f
POST /api/v1/auth/refresh	authRefreshToken	auth	public	200	-	020bd3b230	32b781d7be
POST /api/v1/me/api-tokens/	meCreateApiToken	me-api-tokens	bearerAuth	200	-	b18d07af12	e137a6a914
POST /api/v1/system/cleanup-tokens	cleanupTokens	system	bearerAuth	200	-	f21e512ea2	fddbede8f4
PUT /api/v1/admin/attachments/folders/{id}	updateAttachmentFolder	attachments	bearerAuth	200	9fd106b510	897e32c166	824ee04563
PUT /api/v1/admin/attachments/{id}	updateAttachment	attachments	bearerAuth	200	dfcb9ab594	cc38691134	7a43eb6038
PUT /api/v1/admin/departments/{id}	updateDept	sysDepts	bearerAuth	200	147a80ae3a	59e0642c53	dbe815b75e
PUT /api/v1/admin/dicts/data/{id}	updateDictData	sysDictData	bearerAuth	200	1c2f57859a	38ad001fe9	0b14a3c88f
PUT /api/v1/admin/dicts/types/{id}	updateDictType	sysDictTypes	bearerAuth	200	1c2f57859a	73f6786028	b823d8d081
PUT /api/v1/admin/menus/{id}	updateMenu	sysMenus	bearerAuth	200	6b629aef85	de5a80d254	a7e853eb64
PUT /api/v1/admin/positions/{id}	updatePosition	sysPositions	bearerAuth	200	84126b37c4	9c6de39d6c	8b6b926904
PUT /api/v1/admin/roles/{id}	updateRole	sysRoles	bearerAuth	200	ee5692137e	a3159ba91e	330e7a439c
PUT /api/v1/admin/system/options/{key}	setSystemOption	system	bearerAuth	200	feee86bcc5	336475d507	cae792d0c1
PUT /api/v1/admin/system/storage/config	upsertStorageConfig	storage	bearerAuth	200	-	d318a8ba77	0db3bbaf23
PUT /api/v1/admin/users/{id}	updateUser	sysUsers	bearerAuth	200	ccad96ccbd	71fd250a1c	c6535af3b2
PUT /api/v1/app/users/me	appUpdateMe	app-users	bearerAuth	200	-	f12c9e9fd1	c6535af3b2
PUT /api/v1/app/users/me/password	appChangeMyPassword	app-users	bearerAuth	200	-	0570c84cd2	e277da587f
