step	exit	duration	command
tiptap-build	0	3228s	pnpm --filter yishan-tiptap build
ci-gen-plugin-routes	0	0s	pnpm --filter yishan-admin gen:plugin-routes
module-naming	0	0s	node scripts/check-module-naming.mjs
api-build	0	6s	pnpm --filter yishan-api build:ts
api-test	1	7s	pnpm --filter yishan-api test
admin-setup	0	4s	pnpm --filter yishan-admin exec max setup
admin-lint	1	13s	pnpm --filter yishan-admin lint
admin-test	0	27s	pnpm --filter yishan-admin test
admin-build	0	7s	pnpm --filter yishan-admin build
app-lint	2	4s	pnpm --filter yishan-app lint
app-build	0	8s	pnpm --filter yishan-app build:weapp
docs-typecheck	0	2s	pnpm --filter yishan-docs typecheck
docs-build	0	14s	pnpm --filter yishan-docs build
root-lint	1	11s	pnpm lint
root-test	1	14s	pnpm test
root-build	0	23s	pnpm build
